"PC1","PC2","PC3"
-1.67793865108059,0.103427182841257,-1.4145521540759
1.10711087188044,1.18864188840796,0.293852175666703
2.05330605760911,1.66564056420274,0.835731370659554
-2.34554804888134,-2.26354723446078,-0.0513157571973257
1.35096283883216,-0.58416361967291,-0.641882835487235
-1.85700161053513,3.50677083142059,0.991780631622197
-0.942072586333456,3.21535177059664,-0.615276620245778
4.32412671419474,0.556510756140473,0.179526961769153
-2.81732959426611,-0.441810770887693,-1.62215824786998
-2.24465605269066,-0.677497265022117,-1.46163228943672
0.707505082306818,3.8626596908257,-0.60574427646579
-1.80203170660775,0.0543561897465917,-0.0739621143313398
2.60831971572652,-1.47265371410757,-1.72223649004143
-1.03244457688772,4.47327920922371,0.342865708010915
-1.89209939475808,-0.936555397877994,0.13863003103841
0.372304345451437,2.91980835074597,0.457034468501463
2.77656570278735,0.80410047387409,3.33569831011887
1.98038037955034,0.186992990829869,-0.465596820829422
0.819510292171021,0.3048456784947,-2.3145747584936
-0.482098032349061,-2.03891640993846,-0.475311451208852
-2.77937697126437,1.52867752712792,3.96568236763983
-4.7970798597491,-0.348045077621644,-1.31619441140292
-4.71719722019043,-1.99160182835571,0.593001606461684
0.740774902898702,-0.370070696377078,-0.360897318267974
1.44342095912503,-1.41882551788282,1.99272966459601
2.61737911701316,0.494096474818343,-1.79969827047665
-0.44420087593439,6.2026949471159,0.147104284410584
2.26406659996428,-1.87563640125036,1.62588807782493
3.07522018582078,1.30824315467303,-0.39281773117923
-4.0742601112267,0.847483186944278,0.290720931623134
0.910625115366025,-0.972604055030137,-1.50071808290674
1.02070785286084,-0.90534261101815,0.117199787875966
3.81594822417297,-0.583051765125848,3.70485952214196
0.933724289677082,-2.80099813688972,-0.703906569579256
1.35306933394664,0.851119217618744,-0.297486557102131
2.16306810500247,-1.72439964782175,1.11769814583383
2.40698487405248,1.63829282926188,0.544009264936948
-0.0525677157240503,-4.05829400042508,0.782627096087501
3.06816789495895,-1.90191950771118,1.68426917507374
5.57564503340976,-0.343799807916128,-0.216252984571084
-1.62469501099726,-1.80655808466985,-0.530012700507469
-0.669467839934967,-3.71002535383388,1.3176633008573
2.05653637076582,-1.49770120325501,-0.504266205990544
3.98899656594355,-0.324384958930007,1.01169212093977
1.36633405319486,-1.12931745580488,0.884769776894824
5.12778273619668,-3.58181441493377,0.686328853258407
1.13683360594806,-1.73918412195714,-0.576700862084752
1.16158713508107,-1.19093701581961,-1.64278354333198
-3.14236709101773,-1.88528621472564,-0.028201560114143
0.749916480882422,-3.48922785848837,0.169589605017929
-2.07221342533539,-0.198459558974425,-0.359461900386666
2.30152862070195,-1.56619312443107,0.510635709365116
4.77878439640803,-1.72807479064703,-2.21262341011869
-2.18612185667811,0.916345933487374,-2.58801615525098
-0.961532827278916,-1.02366205214227,-1.26520334303527
1.54224823543186,-1.07633375786336,0.0621270203317253
-2.2311628354679,-2.46417493150333,1.74535391767144
2.03016048439653,0.682813330986388,1.83490337892358
-6.5974250341707,-0.0294148142163918,2.74941574121226
-1.64189498825775,1.66488654235615,1.72799118940049
-1.24338310858793,-1.21936720402406,-1.18451263475122
-5.21014069816668,3.05251903542258,-0.047122073400047
0.338663527910538,-2.39176877635714,-0.580480406617122
1.21722551069117,-2.83391199143025,-0.473729920799484
-0.42364480987713,0.939075959591359,1.03821950998884
2.13282949173009,0.424116823970166,0.114247441596818
-1.32817983664167,3.47765722825684,-0.421542199949861
-2.04088751338315,-1.55776568250986,-1.81705931048759
4.37964787668509,0.748120972267172,1.84886881510598
0.021264220443861,-0.903984159848765,3.08912298087529
-0.414076935294633,-0.0513269307679867,-0.975965072509232
-2.68548422402829,1.20183669523348,-0.213764521734341
-3.1199289081416,1.18197469822739,-0.0797192487262121
0.269240945895707,-0.433467260910907,-1.12561213057429
0.982469182318453,0.434127837940737,0.362542770231351
2.98265881781676,0.72132444812955,-0.995312114147405
-3.54423823426082,4.92141939861446,-0.448840783626307
-6.02553284298436,0.374621409703286,0.629413140100232
2.14710153141343,3.28006070656538,0.627149765384224
0.482531914955205,-0.667269798113949,0.0366173851779954
0.99155196970469,-0.51452649087716,-2.23673597613653
0.386649408287605,1.37299115031307,3.08793255787206
-1.23770767643157,0.0770186350173824,1.25460098770217
-2.07573959254032,0.845358471705078,-2.0876048531859
-0.231411428035426,0.476910442054852,0.592358012321244
-1.95758639459924,1.39301050512342,1.1396234126158
-1.5797211326803,-0.9708468501172,-1.68313301263546
-0.59001498415235,0.95883958818842,3.06917257706465
-3.35578808333873,-3.38428518714486,0.67014485964853
0.719584129972185,-1.43003306418507,-0.319831201584399
2.1437064828177,1.07472987955564,0.272648045196214
0.7402177758904,-1.3342942123571,-1.41137147838929
1.95168199435152,0.352496956680641,1.48785769949466
1.62113406615355,-1.08669508040674,1.37535080599342
-3.90280367988538,-1.35025511768474,0.603949919424636
3.08580824461404,-1.28553854989896,-1.51677799439303
-2.74652608472,0.0758423664156948,-1.78867252566448
1.14318627593841,-2.03520886432683,-0.350830602873646
1.93515834761727,2.29937552254677,1.42978995680573
-1.68029138236978,2.21551318128278,-2.28854065817291
1.97454040364619,5.10254011976249,0.169671624565146
-4.24209030065246,2.46501236577464,-0.265449556749549
3.02888806673835,-2.26094254403536,-0.506511618010294
0.317834922369181,-2.32447419648776,1.37147004695447
3.85311704523078,-1.96756068806214,-2.99673057969816
-2.09698985805547,0.845875800038028,-1.11791798013945
-5.46125180945483,-1.14489207259332,1.69052450383555
-2.15557738454671,-2.50400808434799,-1.04445475782388
2.73777696753504,2.52906419019253,-3.37336004232535
-4.14677935256258,-2.30994483065439,-2.90775913128952
1.13615840948996,1.44971771891244,-1.09278036355922
-1.08295935758321,-1.36062333695639,-2.43167384036425
5.17595847176315,-0.389630525176647,-0.846476285268474
2.1194182838054,3.08183475658798,1.38179111111266
6.47949509131716,1.26518474268975,1.22557510328957
-3.69531576176272,-3.29527039448029,0.613633872047961
0.252909031191185,2.17484955517164,0.311086889901553
2.72903072766501,1.82933760904472,-2.39625930641639
-0.695532611475058,-1.13307625987303,-0.568172706063451
1.13033287745612,-0.267450232361477,1.2540948789949
6.32256557914025,2.98642713963914,1.84919795110091
1.76384362318406,-1.44192559933947,0.390202335487432
0.589837604994624,-2.37409947539485,-0.666124323018335
1.09015875671989,-1.1854135032143,1.04437470145551
5.65927705334945,-4.78091657001905,0.971678161153546
-0.919886826300195,0.306788825579314,-1.32021983950744
7.43223629244555,-3.95709704308426,-0.240452820447433
0.529807262945134,-2.04869165393359,1.28412721339579
-7.511205987111,2.15002227982685,0.249618339916514
-2.11416849513269,-3.99743254074419,1.41258099119211
0.468120614631119,3.08964476739562,-0.0715672087669008
-3.39051923038918,-0.119404485968703,0.202231830159952
-5.03550336967577,0.0271497732869526,0.19511479282352
-2.47930146371172,2.8203637794835,-0.332703966740384
-0.316745639089015,-1.53462398713599,0.509331938964102
5.19914621100044,-0.740264479028017,0.519451548676062
0.364269554636455,-0.549797293075252,1.16084472930472
-1.3750812739344,1.18622528701809,-2.12685612781532
-1.05332227301221,3.84050281121351,-0.903941519541678
-4.23778283276836,0.344299502139055,0.24769743674279
2.15565876420493,4.76330742307995,1.58766585614366
-0.111400463534149,0.00070643141181586,-0.678602290175762
-2.29976425442215,-0.186905529478217,-1.92136513022507
3.56429152353234,-3.23900190117443,2.23952452339359
-4.37059837203116,-4.60283909212733,-2.24864846326645
0.0829166442338358,0.0101333629692282,1.73888050208246
0.423757922495745,-1.22624446857991,-0.0947937947722275
-1.59603205865153,0.0778369326646211,-1.3769187366878
-4.05650089566455,2.63057947003991,0.160063186919439
-2.8396981101099,3.49401277447564,2.29949912917061
-3.89524566400638,0.71039347296668,-0.280604727147975
1.19975536452809,3.06349064330403,-0.248520791769946
5.46364866852192,2.97529417538616,-0.324477943129488
-0.876342671609265,-1.53646702903637,-1.67031957982696
-9.26079826385639,-3.21267885964128,1.07318466495968
1.03991362850999,-0.735725266126364,1.32791359445238
6.40056081353743,0.112833730044251,1.29521534989231
-4.99865465658534,-0.451115096360948,2.42003426151361
0.487723250512697,-0.0897402587154377,-1.0256194196307
-1.76829932349859,-1.43796481426587,0.279347247298419
-3.84082982827923,-3.98558151253945,1.04364540382679
3.05816196757501,-1.84705189511388,0.312628066742414
0.659361561197553,-3.28777154514758,1.42191794149231
-1.72863206815795,-0.10518173576907,-0.0322628672120043
-2.39184207123671,-3.80333827458801,3.39584656140565
4.16259081693169,2.487495963995,-0.0134315411968736
1.2163409573361,0.716353017114695,-1.30721979938926
-1.74366981566629,2.28488644708838,-2.07358699427816
-1.67368702976334,-4.07677591123461,-2.10796363205355
-0.423772344080866,-1.39858484948495,0.00508408384107563
1.72750672389142,4.55382704113458,2.03800020066452
-3.09607038816231,-2.12880550540347,-1.58673097220923
-1.75889824162048,-1.53894052359542,1.79251156306564
-2.10079025967807,3.22198646527107,-1.09930335398499
3.88050507399005,1.23348637707157,-2.00450208007781
0.209712845677294,0.209283312587827,1.60755174298164
-2.86060611770113,-2.42692182854841,-0.247555508650123
2.99683364952488,-2.26108160836709,0.549250098066053
-1.15926592232595,1.31332641093937,1.31690039377632
-5.10094458259146,-2.90002808688709,1.51913721538694
1.98250553669922,1.14398763272137,0.669156975608135
-2.50407575963822,1.82097876834675,-1.99802057348361
7.69214973472933,-4.80064665591835,-1.79664224428842
0.375252686741972,0.114572204365313,1.18941653803328
-2.140465757467,2.27396892120971,2.4241453496206
-1.42664885633393,2.29714616792833,0.250425968902082
-4.01322015955261,0.959368568211984,-0.986442883813112
-0.270748307614094,-1.28600722577397,-0.444390874969684
5.80007085793775,2.76416089666466,-4.08364709047349
-12.2617298425607,2.12157222461827,-1.41724306571693
-6.69353735498305,1.15767018556676,0.576996596818883
-3.63185831342197,-4.30057877378879,-0.181502178968541
-1.71759245150821,-0.561395624643244,-0.139396526465874
1.20058082907626,-1.99224922906278,3.05822036671265
-1.16268977870387,2.10424764286913,-2.46332190685903
-1.89541244377662,-2.06945038611831,0.798476540423447
0.791660010467059,0.828914720371156,-1.60072303976821
1.01944286327992,1.49364980222811,0.0871027507381375
2.9234110183501,1.0109348524539,-0.912108174416416
4.65256209402336,1.97213888724213,-2.34443175316792
0.250003469995242,0.0925372365676735,-2.23280009936704
6.61193502898727,0.811509848555246,1.46682826699426
1.69856739884129,2.49008065558872,-0.645583647081355
-1.68215782383681,-0.18951282428297,-0.546649516269132
-3.06497726506431,0.434361885850178,1.33827890274
5.2029544055253,-1.29501171633293,-1.72496133568544
-1.59549530325224,0.552580846193241,-1.27811034695707
-0.295981955086848,-0.529965927786214,1.12791639079341
3.83476972917061,0.719948099672161,-0.171790485084326
-0.0247905279314608,2.39952471523778,0.649681544854969
2.93992769024837,-3.11425653917931,1.06558705396502
-1.73918300279129,-2.02026603912041,0.0482952059151748
-0.419276714405418,0.54347817013582,-3.16060277250468
-4.59559807036082,-2.52820523572251,0.500616275260967
-2.18101184032047,0.686225217753519,-2.21032136737961
-0.248966910593833,2.27514319244839,1.97944144146679
1.12347303123528,-3.74304343714117,1.44018228900434
-4.78165449497379,5.49836933111693,-1.74010505744501
3.28516274380648,-1.13474583017893,-0.738661611312804
-0.0851765039287591,0.620910031461279,1.51460012679616
2.79854034664085,-0.492391617815515,-0.521984303037248
3.48040751992532,2.85162523930291,0.32151288767352
0.370403362873921,4.12236545427639,-0.539358140289059
-4.14773115076696,-2.31681846392079,-1.59398474934871
0.738899906466875,1.53430113243431,1.39239716249031
0.691249617108913,-1.05587264440884,-0.785457545931406
-2.92802600841026,0.911621993818766,-1.77110502765323
5.10776351670219,-2.96236859608179,1.06907029102056
-4.58260497880871,4.08401362749392,-0.848138012877392
0.564603111107145,-2.47021028905103,0.109054372716972
-4.11679545556262,0.306801835366134,2.9584364746064
1.88423580382738,-0.502332418257872,2.71864681497516
-3.52325651469298,0.571707792078241,-1.24213435698494
4.67392906773952,2.11925149948239,1.58280562046962
-1.26651674498131,-1.78385064311519,1.0870999121001
1.0962867122866,-1.27817862742544,0.324852718851743
2.34486930047318,1.31296537724068,1.13613570115585
-2.10516614653876,1.40726257863124,-1.53361280430392
-0.310074884325403,-3.09561372263401,-2.79942183409167
-5.39200858633529,0.108391651534701,0.61280607336995
-1.2176912212881,-0.447706398336652,-0.744606192299667
3.68474381973011,-3.71985573547069,0.0139760728642395
-0.628746412742315,2.79786437347708,2.9513702240708
1.24502880241497,-0.753613706246759,-0.570569958475311
0.0378798063908319,-0.243626347204338,-1.45870660465128
-5.38039794868694,-2.8899202303755,1.2332503243954
-3.18091110918916,-0.00530408087338766,-1.28150788047593
-6.41843867016543,0.855671345698758,1.7168290903442
-2.422868783358,0.0242339321384448,0.798835523321025
0.666909970646972,3.3191851778767,-1.38489024814953
2.7550613736819,-0.847626169863356,-1.49086414659159
2.75736660720035,0.877205880523694,-1.8146003112059
-1.50648785386033,3.12316522171601,-1.3553118405634
-0.300002081906128,-0.928920343003905,1.50464127726953
6.02250922691247,-2.76655559288634,3.35443702007746
-0.809359343332762,1.02066950906303,1.9877740944606
-4.95196300970651,-1.54448426172965,-0.238855385997521
-0.372689412689377,-0.597342556943215,-0.065644318537507
5.80976887213112,0.252078747441131,0.120551889732581
-2.07370821432559,1.19526627146535,0.037130012193533
-2.99994233700903,-0.645843183795358,0.194530052939352
1.48642396038231,-1.44048464703496,0.160746425612134
0.593825138591457,1.83702283979267,-1.53069533518946
1.19324442114282,-2.40266436553309,0.994694074446112
0.204877547301435,3.03375869200074,-2.41271217507183
-4.41601370415959,-1.14863561570142,0.295228081997729
-4.12048530538205,2.85545076333639,-3.20265745457516
0.920892134387393,-1.06040403351277,1.36824228823472
-3.26621483034499,0.141476058498814,-2.715417441995
-2.83052641031917,-0.167776365082121,0.724485508513357
2.40200862175759,-0.607230339569801,0.718562814043867
-1.90766323184008,1.46333817213933,1.10468352285243
-0.754680785355818,-0.339228067244687,1.84650702137149
9.28266141524277,-1.74265337365776,2.30404772355731
2.24731594715226,3.58812609832262,0.510656445461912
1.55725538091231,0.981843411810482,3.01184744572539
0.910876767096566,0.175642282880841,-1.1530274571314
-1.00282927740865,-3.35151047022407,-0.040332117095337
5.76800386454841,6.24458258777064,-0.577349146849737
-5.17573693622324,-2.85602314062019,-0.283571742727779
-1.44984851783813,0.841819663054452,-1.8306369067856
0.10504868542774,-0.062988690945245,0.907662229941316
0.603131548875452,-2.01925640468678,-1.31577213550012
-2.1704099653336,2.7523963140336,0.801456567834682
-3.11491101549412,0.286605410255408,-0.788711201289882
0.155971682818126,0.270568377162775,0.0805114473321865
-5.49965416655334,5.0391005815869,-2.4276324963018
-1.0903754534745,-1.28798468476469,0.863689775670136
0.0102680953855223,-1.57812194889925,-0.22301078127191
-3.04023740883172,3.33731222043505,-1.6765507234278
-2.66845734585523,-3.01800964049779,-1.43100089077717
-0.911507192384366,1.04670001588222,0.960745522877431
-1.34268821911616,-0.704746423364681,0.383799459753404
-1.322429946168,-2.10664276438973,-0.303046131829909
0.350006025740382,0.384359496056466,-0.0952112782859561
-1.07562013239769,-1.42991699984977,-0.702321321708251
1.15569985958413,-0.0702901781746973,-1.61252437720224
-0.00898745844912349,1.61158879427511,2.30359595339769
-1.74108903047404,0.622954143848271,-3.03238928665205
0.399041001949455,-3.87657148972196,3.21347529105275
-1.63001895099438,1.94371513171083,0.168274857217265
3.72731510555554,1.61120238223022,-1.98232249091339
4.03747671357965,0.133792960575878,-0.539921867866712
-5.73432183633971,-1.05724185976598,0.363614514357747
-3.42611963810851,1.26175328217509,0.251910600250043
-5.53164047654784,-2.09669416073603,-1.09752795715607
4.30408215616008,-0.0730145541042586,0.0488523670329548
1.14717765111823,-2.1322984785251,0.168123979076214
-4.89714887068787,-2.52604118580886,1.29472389942725
-4.00367072378996,0.573307122488762,0.0526096052918814
-1.27395254018178,-2.48356596642604,2.38407010123704
1.23973798937349,-3.55353990362159,0.376244706461787
2.12905690448926,-0.140763455993101,-2.99188538647186
-3.79678240516364,-2.66220233632185,-0.691681388192725
-1.68152961222719,-0.559440837052569,0.0380811490229485
4.11024198447554,-0.316863431553325,-2.77546753149438
1.77883040645657,0.113754876935767,-0.814639209838668
3.39835524540764,1.77141439158649,-1.61602849228814
0.153518654046929,-0.475597087203256,0.0509737439346704
-2.45606133071802,-2.19068425952059,-0.736531889480527
-2.26041463210754,3.33996241267534,-1.14959877336997
-2.85862995231466,-1.6081631817928,1.67609764445081
5.96029821018062,1.06090266410796,0.586144348171613
-6.85799979268802,-0.643088143136366,0.0221082504740402
-6.72819459270175,-0.0741939553475797,1.39888283533466
-4.6570604187323,-0.241200983150235,-0.29944466163656
-2.41872383585607,-0.570486838074319,0.791284015198679
-6.87635221164298,1.68383566223536,-1.27633169689422
1.75728687879518,0.402125113986974,-2.29325375016949
4.12935857242309,1.55524507895093,0.906492010764097
-2.8821269524423,-2.60071275349295,-1.84662662064648
-3.95521851219287,-2.21650725284613,-1.99667825056203
-0.838697899306251,2.35535014447416,-0.56655309842991
-1.25359793842552,-1.51183415274484,-0.0797849111208125
3.17605435191965,-0.754843490208134,1.18737004659902
-1.68858675902882,-0.896594148250698,0.0202102481980913
-1.60507457470877,-0.79534984766047,4.20932660052297
-2.09594521054367,0.631961095413894,1.83721170201782
3.48387019875688,-0.907665432766847,-0.56846607204081
-2.77421759146633,0.0538630020719566,-0.445739274610079
-0.864068559168614,-1.8209854499866,3.63915732596188
3.18698493890343,2.54309548200932,2.9031629458949
-3.57181795516972,0.451770283771139,0.507158068458129
-1.8910514490258,-1.13101064695968,2.1471465579891
-1.18289651081394,-0.230644981426611,2.958512320973
-1.35582628619125,0.56904536768378,-1.88067565473862
1.33733169183647,2.05532777780614,-2.11524151344607
1.35635693898423,-0.635883168305545,0.704359327218427
0.487065729573804,0.0309281165526266,-2.56186212806693
1.29445212458168,0.1063262058352,-2.62470694953264
0.271767355094146,1.09845277618109,-0.761685504787559
0.428686264672133,1.25601710733481,0.392475354303302
-1.54032496117504,-1.68620656097118,-0.467000995007527
-1.96727186647384,0.222288022404036,-2.3479586464343
-1.88224899567283,2.35142776668225,-0.628929765051398
0.283882482603882,-1.35444847787692,1.74291455898561
-0.777272517975845,-1.05739004950538,1.89199732835777
1.38550149443187,0.484602309970296,0.173993317879944
0.38068517414819,1.37941842450562,0.34159457891665
1.93620620022516,1.01015335527104,-0.26097249902138
-0.561845922217952,4.61307378303963,-0.378981486071169
-1.42248232481707,0.231917502966717,-0.468250934643751
-3.94417123661807,3.35382511465217,-0.384028437520136
1.98610846650024,-3.66568754481132,1.37481093556399
3.55326471008449,1.59979979834224,-4.35560374445713
-1.28425807864105,-0.189665977161423,-2.48423856855436
-0.142418762276785,-0.149782093322681,-2.85884152317061
-4.5017788633218,-2.11273438049502,0.445265856627415
2.26080323210836,1.53551521823473,-1.21661695885423
1.67784777045804,-0.979658248700081,2.33035153011174
1.50494086363153,-3.66544275485307,0.740871382921409
2.19300253744574,2.05120376969344,-0.301570868409242
-1.65819771573437,0.796948407134133,0.164327331650918
1.57067267811375,-0.831429465349771,2.85412861710368
2.94903448593293,-4.46209285667174,0.320965650972345
0.797345448889935,-1.02259136618776,1.78684238141338
-4.91582348402123,0.338011372579847,-0.161907815714358
0.997551269347095,0.832875532963338,-0.802854337120013
-1.80711176148336,-1.9854331493669,0.525805834892862
-4.86308217874294,1.65419530041227,1.40506061228935
-0.397103718080651,-1.52331015059632,-0.548140916431891
-0.813618005990603,1.38921202275217,1.0099759363689
-1.07877827093503,-4.05583126341628,-0.117918856277628
-0.0805938966933924,-0.485573079299559,0.404845925104098
-4.96135777817984,1.21202895271544,1.4950968158273
1.78256778334701,-1.60823256804066,0.736248737144232
2.42784932741703,0.0324757627240553,-1.08588747562161
5.67828354953438,-0.32516133985653,2.27720152180089
1.37199637768652,-1.19238570536371,-1.71593110370662
3.58741486477718,0.158067419956229,-2.10196456515308
-0.277107361804971,2.29679074917403,0.216878853390013
5.48485060584057,1.15287821448912,1.56397658295008
0.943065276850947,-1.0312375554434,1.08727106427007
0.767849067083724,-3.02984791570527,-0.762064181910959
-4.0312469966482,-2.18179712715761,-1.13307829438993
-0.967061613156972,1.32243724613514,2.4036777968001
3.1236046689761,3.08012105148235,-1.47095368747847
-4.50426953903364,0.971744886468231,1.38669268320508
-2.97920813353984,-1.89781507231764,-1.97658726070323
2.63657582175304,-0.624865991756256,-0.86169549053375
3.96901621643073,-3.20652330358607,0.570217686936432
-1.44479810351391,-3.99333948316453,0.85273522387154
-3.08474618012234,0.717612359929468,-2.09757452923985
-1.28121644380652,-0.764817742795315,-1.72648528007343
-2.38702430397565,2.62644729507718,-0.672362305632014
1.1294588198898,-0.396451761861976,0.25752201717205
1.71630268412182,1.48294743206195,0.450130927706753
-3.19582591425231,2.28461896957007,1.10513580073559
0.982337657054314,3.0280645816102,-1.24495986475405
0.36273406862703,-0.332719948720366,-2.1894722382962
-2.90520297719708,0.932507032056827,-1.09385431624023
-1.94602654605455,0.553905321306757,1.79885277594795
1.19457428729899,-1.46436819887436,1.23537154205969
-3.6651802549663,-0.275360614090468,-0.756473513063936
2.49912840245061,-0.863636864112245,0.290676393497837
0.115807044930993,2.11965471679913,-0.158485529928917
-0.0778782143770255,-0.126150999776848,1.87225312910226
3.98845156342915,2.43171104419755,-0.782761851261377
2.57190097269675,-1.16663342836459,0.740533716157732
-1.44338069436643,-2.68218216018649,1.77944957382804
2.88417522250381,-0.218594114704733,2.69864637279526
1.42345705897327,1.69779057894048,-0.423150354558353
3.48470519762826,0.376167795170538,4.18914741730017
1.75608284280944,3.03380282071226,2.05967351029549
0.527205255635082,-0.887297791938972,2.32685911751078
-6.78773539660014,0.41101734124185,-0.509343677356758
-4.58246993375315,-0.856955301899985,2.4047704556226
3.26878714262123,-2.40117405058154,1.89247633697392
1.58983962897425,-1.03341272512435,1.57622993534206
-0.303814593203743,2.13836272588564,1.02721737942652
-1.00380964979213,-0.0123751648438315,1.85384430135021
10.6526857982666,-1.64949527623783,-2.48748923863324
-2.86665925244197,1.6704444716554,-0.482307061659828
-0.412926250650698,1.71541219411421,0.599774736672573
-1.65000904396303,-2.59755536789603,-1.64967248775436
2.07528678477348,2.258286763652,0.463346069139588
10.1374874487897,6.21230416483986,-0.639749446817235
-0.0586700221443141,1.04694802956562,0.727377177114483
-2.34846533958119,2.44766475296406,-1.34848527829808
2.08773858534778,-0.111151474503536,1.81971331119099
0.657478103786307,0.899012600196324,-0.547269769719074
-0.352395749077701,0.556424298027051,-0.313679961888581
-1.10076578130453,0.621252785597807,-0.880735195631763
1.68389284606194,-0.890133915958592,-0.420753660016052
3.59015824075678,-0.12128560063026,1.66804272006941
0.223343300380033,-0.676622439002728,-3.05666465887423
7.37860535003176,1.02376837410233,4.37859047550706
0.352788230473864,3.46469217315568,1.6396504679877
1.72562955259964,-2.13880969599774,1.15926258826351
-0.565936585007157,-1.72627357168328,0.161343537708618
-0.888508621944989,-1.88634222701088,0.223161655551964
0.391301166472706,-0.349154410407756,-1.40474406147053
1.39892028204011,-1.37773348257092,-0.136596948240488
-0.223038260239453,3.85282342748472,1.14363590103553
4.52513441708244,0.659893067319701,1.20886680204177
2.97922762548898,1.30850661016604,1.44854465415282
6.29857227778061,-0.110469795339646,0.38223722398159
1.41249577960062,-1.10084797942088,1.10554098220334
-4.02410683249997,-4.41992856239248,-0.927346727212309
-2.6709314315618,-0.376744736000769,-0.432749301762252
-2.14225481441196,2.62235939872951,1.13787431334261
4.30554753740904,-1.75088676414371,1.31037972583239
-1.56405630798667,1.18469631470247,1.28315858062002
-2.18625966019576,2.58084982875029,-1.77775846462883
-6.05119767461684,-3.21661714317899,0.375567687794082
2.72452853470387,-2.59947085014298,1.60326767735067
-3.01491394663319,2.7646286279807,1.19572024995446
-6.81329798925445,0.0596571351306087,-0.156714228912486
2.38308124643501,1.90228996574798,-0.924943594704566
0.523001068473263,-2.29647043185388,-1.20538803664487
2.2835742353063,-2.41766749498654,1.97337948229704
-1.78670495378226,1.87770679992618,-0.509414963436111
2.17619693774698,-0.743886140205315,-1.08048787399439
5.8649076797985,0.893878772945523,-2.12199802574399
2.54319458850275,0.885132166850281,0.511643381335964
-2.59349338627507,0.33829271380239,1.15554666997901
1.63959059619317,-2.65645215170347,-2.71056337703292
-4.6084629031106,3.09373703735312,1.74349500740163
2.89932040634611,-0.449167621756597,1.58377139237121
2.78573040549603,-0.977861377881279,-1.33031735832152
-4.10312975496911,-0.314108030867763,-0.509621316161264
-4.73998461243504,1.88935666412801,-1.52952340584872
-1.34480607870847,4.91344243157816,0.912883365158717
3.46312880862076,0.747743500343598,-0.729442924534972
2.54044861101027,-0.00156347217323884,1.43175914676102
-0.0496867780103546,-1.57013614373386,-1.74985173743461
-1.54303042650308,-2.31393503302112,-0.834419687600231
-0.285443749615183,0.782912089893159,0.407659421383291
3.6443525527912,-0.382919633491922,1.26074779376301
-3.65126410233168,1.18282267266134,-0.986604293674514
3.02057296910711,-2.22667495113935,0.471200971008669
1.25134978629299,0.799045687508248,-4.19804009180954
2.88485538956052,0.960607730864761,0.415716023388915
-5.39422895282898,-1.66917551264339,-2.00100152300171
3.03863668293385,2.25590215757134,-0.211297057054175
-2.5220970195163,-1.18184746123827,1.19658651951112
-3.05429527212623,-2.30537134867042,0.300737895932262
-1.74328340122694,1.27355475599332,-2.05442394161067
4.39475913873589,0.558270081478309,-2.07528201571026
-3.10467540932609,3.52736545095684,0.636853972597103
-0.143728536347399,1.43425672754804,-0.390052630141558
-0.856934914869975,-0.721456914524936,-3.83636934461875
3.12825205549737,-2.6202530845534,-0.360301416489764
2.36527453810344,-0.554649351560695,0.276578491196707
1.10544895137126,1.28052508487836,-1.16922658290045
-0.619050880171626,3.80669462782543,-1.56312875342536
0.00284018998291742,-1.48742976194837,0.256837268044685
0.0987405964098468,1.22093196330194,2.48687584559532
-1.99473933312144,2.30218347873404,0.72819842393381
4.72305952686079,1.20180511562958,-0.256868467055729
-1.60725087510802,0.487077388443682,-0.122413451615919
5.91041789454985,-1.00601177566044,-1.64333735933475
1.06447622630545,-2.33844215860436,-2.69844325792487
0.706757119379146,-3.24573037977721,2.39068603496904
-0.346119770019494,2.50431545880435,0.288302928633692
1.66142482301702,-0.447024121530266,2.06264083818425
2.74261387283516,-2.23580641294468,-2.3872343933919
-0.867786208199758,-2.2640864781473,-0.240222266404043
-1.04706872623544,-2.01024132512632,0.608834031166872
1.70195477632954,-1.78970635281209,-0.698430650412055
-1.86707268449091,0.740411224636104,2.22005869956251
1.70985631604327,2.9910987144065,-2.15651548844182
-2.94254981876732,1.32417928077356,-2.00156789052118
-0.930409790739366,-0.876736538976506,0.317987767985155
4.5664512965644,-2.69766157984717,0.728505275587552
0.486520831455573,-1.20199260729794,-1.53118217665776
0.232039951896094,-1.84580627135283,-2.09003814959273
-1.43527820440183,-3.41491871999215,-2.57055663338709
-1.38391525898421,-0.0476975026747353,0.884473919398797
1.36629047540995,-1.67506414658752,0.565266187045631
0.921873627622999,1.86052356098162,0.662757043443639
2.71837159880693,4.53679991999368,-0.196313720136577
-4.09998544621848,0.712050969552592,-2.21220160191573
-1.83456003662555,0.0298636686178608,2.52124194489357
0.593494450219497,0.291080119730278,-0.479412038927636
-3.04956182988067,0.254276541668263,0.670713971385434
4.77205991289045,-1.68947280865276,-0.484229664224892
0.973440154893818,1.75107451103286,2.21472988994663
1.98250957928979,1.66479651812104,-0.307989483391137
-4.17211329440684,0.108529083229704,-1.23418516403393
1.84909178944338,-2.64923165124982,3.1192411797035
-1.67125107819991,-1.50609965998314,-2.94177000646456
1.50597119016413,-0.504229017539984,-1.57860901885638
1.00351283013571,3.03645129487322,0.787644796131569
-2.81775692744459,0.668401678237143,1.20563141985477
-1.02555878828833,-0.583770909569562,0.717614630320817
-0.350356445450286,0.444675382889252,-0.357650374118991
2.50302275878423,-4.85167071296122,-1.73396814812006
0.671865956115352,-0.790686550282913,1.08980228399764
-0.628707150601079,1.6361351967566,-0.240517171433233
1.61852068743398,0.235310987717818,-1.16699325286017
-8.82097659238728,1.66550177124526,-0.348958020860815
-0.294205687615813,1.61164623435856,-0.850873287621838
-5.56327261784282,-0.458248618915626,-0.0110205178915112
2.31657746593332,-0.356581126398871,0.841308624266423
-3.62604094487248,2.33445756758656,0.274981673119922
-0.566365603302067,-0.859157611848217,1.12763056860004
-0.231212423702716,0.805871112233397,0.574295595457254
-3.24067025071451,1.52031413968162,-0.0742964407944029
3.03504997475692,2.16296579728193,1.00815578362052
-1.28884714876419,-1.02394417712742,0.591551240047406
-3.34612592093109,3.42458897646624,4.06608489033811
2.77960863937607,-0.74098950392505,-0.347356039621892
1.97530506248382,2.16543103333566,-1.57040336011886
0.230101140021189,-1.66925405311236,-1.98652261776814
-0.618736673713966,-0.850593262432076,2.37481834552523
-3.19500645473384,-0.138165702316344,-0.851397691091389
1.02768975601144,-2.33612742327787,-0.342955100092026
1.68097953632458,1.77350693785517,2.30127735826673
3.41193178992398,3.12392818395838,1.03538954664991
3.79762992670791,3.52403688669669,1.62862341399866
4.62679321177246,-0.248480527061381,-1.18351265734606
0.742740850854288,2.55483783169043,1.72796907554548
3.125412363421,-1.1248054758391,-0.722256425820153
3.77936547924634,-1.03821288040098,-2.20322575967041
-3.42739823561015,1.42312127864293,-0.355418855302705
-1.58088215023243,-1.99076917565737,-0.531078168602624
0.535878791361448,1.74937639303124,-2.21390124730853
-2.65984070762902,-0.612600305194084,2.62584765522877
-2.45701291189252,0.390155335025943,-3.43211442057852
-3.5592675938629,2.0065644118264,-0.877572905253516
-1.00479042452072,0.306383374422637,-0.229177825665872
0.899705364938095,5.15430254055799,1.41900878827986
-4.26398537526897,2.65159758884991,-1.78055817935664
-1.29865707504874,-0.21432977251108,-0.419688298881125
-2.10112994305154,1.43901288705519,1.05990332745709
2.69195356390809,-2.89914397090622,-2.23308266330934
2.62084282111282,-1.02412466161152,0.258491130839541
-4.40956950706173,1.98236520407143,-0.474797662356299
-3.78273495978266,3.64865904322186,1.93747800918682
2.15999037395939,0.687497085240148,-0.675581884036766
7.48255247972514,0.429015729412983,-1.35938380400513
4.71286350934575,-0.912848624603237,-0.372714626750307
-2.37178801698937,-1.69955626857487,3.29861533432812
2.37528135061072,-1.30118646032151,-0.404842232066815
3.23919812510639,-2.35232194295128,-1.85729679010354
2.48459323843542,0.507922001880151,-0.0593722188049084
-2.23401661457514,0.298372044725406,4.41492724156856
-1.08715267416647,-0.314022229050799,1.44300216702689
4.80701758779351,3.00306121643101,1.86279537272685
6.59126487727568,0.363920644116832,0.484049443336964
2.41336218640603,2.44882318131946,0.671034115559059
2.60905458936569,4.39464758205501,-1.66000990257124
1.35396535631694,-0.366555791527297,-0.278124357743072
-1.59867043047453,-2.24967010571883,0.360302521843737
-3.59451876288348,-1.15887170141437,-0.776230455019647
1.93512629480575,-0.850001713721747,-0.78300309104764
-2.74922260533343,-1.02608744202205,2.48167760274102
-0.820506209044766,3.0773162607454,3.47556576867716
-4.45366258006675,0.536771720564185,1.51154815895221
1.80836128350769,-0.0438926323106716,-0.868618517804298
-0.152531859369824,2.60735515942768,0.602023552461223
2.6293426395558,0.291190979991921,-0.892147691250507
3.97247047592245,-0.145519264942995,0.54346105794132
-4.19459460295556,-1.36998130748268,-3.2248869246815
2.46641920685314,0.648025174026385,3.06642247158039
2.56650542624295,-0.901278192439568,-0.147855596061583
-0.641982066815404,0.0835419107680889,-1.23612416255127
3.52344534018487,-3.78871210054553,1.01176950843912
-1.1689191131475,0.229028259600988,-1.05995369006786
4.1381807692647,1.70610704339846,0.489727902319681
0.898152940289496,1.18220156893695,-0.663875203738287
-0.918964434838591,1.52285721270397,-0.529216816176926
5.20908773547287,-1.53801020236488,1.6416788230914
-6.9787132726219,-0.32172109969817,0.249700687110284
-0.104156185688095,1.82354843498166,1.75202847306925
7.10177790618979,-0.171109542598639,0.722460663719656
0.302820092445317,-2.68506468289281,1.09608033343559
-4.99369694252235,0.584927867471357,1.80871107124542
2.90296272068143,1.40784714236858,-0.671650267173032
-2.9167947803842,-2.32699737263432,-0.498655342849081
-2.98584737329698,-1.0112895964108,0.0506947668477378
-4.04816148833827,2.99332606946504,-2.34427400906488
-3.82856026531595,2.49708726383507,-1.19566907698028
-0.54607537546071,-1.08559568522528,0.0654957153304439
1.07477141081149,-2.0526884813982,-2.18211395607227
6.3887334493974,-3.97157893067258,-0.375832314925268
1.21662977719187,1.88158182330766,3.19728000153674
1.68782808437542,-3.05513281955253,-0.253886938054622
-1.61721038965392,-1.84956523836752,-2.07873894814569
2.74566088929279,-0.370573375441075,0.520142117727695
-1.39786379528092,4.14097156177315,-2.52080268563857
-1.3099676746356,-1.73608563333509,-2.05837425413033
0.921149826305562,1.72680446348206,1.11006926922993
-1.44945667228071,-1.85913406598665,-0.686925833274782
-3.65611362785431,-2.58858201185896,-1.05384040524356
1.24835448474288,-2.01000318023975,2.03787810254965
-2.31748543889586,0.133768864055234,1.017552812044
2.64204568125673,0.221464237120676,0.270980284314641
0.340776104216527,1.25166622630365,1.3653919610705
-0.0221898549308134,1.5092068863981,-0.737065100482025
-3.91117709060574,0.319095841262758,-1.26399696446142
-2.01767631090108,1.79705422606626,1.5864577196585
-2.43302510500957,-0.601569195692516,0.192256534194734
1.1728792008512,-0.0602797777049981,-0.706000101081458
-1.96681674855022,2.03545404793618,-2.49553225281756
-1.45172166774071,-1.56737514244269,0.692290675901765
0.521087731594496,-1.27829185755383,-2.55738678422577
0.406913164668633,0.94944468253596,0.0488790413643406
-0.0457942952789531,-0.691386558321315,-1.74180001666464
2.60849619991082,2.11445845600757,0.318562459412415
-1.61078252545269,2.84673375542742,-2.24348905767408
-5.4069420551028,1.65184816722258,0.234159012107006
-2.32712385981558,0.653793151524896,-1.534563089075
0.954318880555346,-1.98775921849887,-1.88672762275482
5.40204280076082,-0.827242094057409,-1.24945757853606
2.77207262275028,2.36969490739258,-1.5059598684559
0.404708414733462,0.337054692333062,0.288135747820063
3.23729587097587,-1.5316971819724,-4.53240151023873
-4.38482961813674,-2.3185484599343,-0.560574137072077
3.27849918308837,2.16411583814366,0.915677415433152
2.58785341060761,-0.589969365635394,-0.102253141877285
-1.52894654487638,-2.43485581586069,0.948435323787112
-0.843600480268991,-2.722824067389,-0.865410343957417
-1.11830626140975,0.367539297906467,2.39662163453124
2.2756478397952,3.30258420303741,-2.71466753760254
-2.21020849189168,-0.802429757112614,-0.951481984769753
4.58682546622492,-0.466196350290952,-0.427673280505474
-0.835923220986442,-0.288855898920791,1.44914844281357
-0.950654553194298,-2.69915992878309,-0.793990829291487
-0.942945978068032,1.76145012092477,-0.494803964297959
1.85216425170996,-2.00043979774182,0.115191625799044
-3.54616701093225,-2.8314246772864,-0.635522035430487
1.7669894283626,-1.07546134164703,-1.49975766053441
0.507595591481744,-1.24685146917078,-0.506488413341972
-1.70828699491689,0.168167030916392,0.733276988787079
-1.45923070617211,-0.551828556849873,-3.10150304600113
-2.09669410783162,2.0641334026559,-0.793575496236159
-2.98165153354874,2.73124005975361,0.749799785108952
1.33066575505126,-2.10565529130682,-1.03584198131012
0.303771878803172,0.911888424439243,1.26027699794114
1.11210903737103,0.390972955082289,-0.674977784643944
-0.657301353829257,0.59824443785135,0.10261578010031
6.41753618890332,-1.55985032650652,-0.435205972567484
0.592898596497061,-0.450884999219253,0.382813327097323
-0.445376964934126,1.0521697775622,1.78331771792878
-5.61892511989019,-3.91134579745539,-0.260981972760133
0.847839466525279,-0.96032502754641,-0.490786400739083
-3.79845069345187,3.03990990202506,0.782068544546264
3.52165963673257,0.825404214828365,-2.00504031687104
1.4030771007289,5.21498579787409,1.03318516143219
1.55523347989655,-1.71581426940556,-0.807371860337426
-3.41735904194066,1.90898276376616,1.14334107634724
-2.87249904165435,0.0645413806403369,-1.50777306341067
1.26475784785078,4.13710813157964,-0.286058542482662
-0.666504135759156,2.19322775725889,0.929691330330878
1.09160919984606,-1.0542997458877,0.363038581565837
-6.50255584048648,-0.808101519775982,-1.27045075112626
6.74305333939147,0.693720691889004,-1.68380857245684
-3.35567656201873,0.668400955927856,-2.160880884776
2.5658671218718,-0.0258226035625099,-1.17850039392437
-1.169113719823,0.835519055787,0.568455799314821
0.0057718988239607,1.7344837278634,-1.36550577241498
2.49646470102152,2.94366977583715,1.62659762837855
5.35759513204566,-3.19537248080799,2.55881859265387
-2.49714076300071,2.0384660212295,-1.9456863804373
0.718692735546961,-2.86605400918377,-0.503591872885705
1.28909008363675,2.7435848159364,3.60986538217573
1.44610861969637,2.04537229013954,2.30913628369187
2.89493844299783,2.42619520665287,0.862182789498591
-3.59208082081766,0.361927639304318,0.633241451977202
-3.50908045778241,-2.57283065816031,-1.27426553655212
0.668309692607181,0.827904361210865,0.742952608144823
0.252111440964965,-0.272235535627011,1.99327420625454
-4.1196532854142,1.20882921041763,-3.04182041527464
0.361253641933762,2.71022702518653,-1.16922196331297
1.31602138569774,-1.61200396863482,0.691340197530018
3.99025790012961,0.856529151440735,-2.31255990266549
2.33964003384839,-2.71435410711541,-0.303127414490567
6.51603796896894,-2.66316765775699,-1.71672222433207
1.06196856664365,-0.264486136652201,-0.175897478477845
-2.0933713795462,-0.778683255897245,1.30695562569771
-0.24026927724931,5.83925990277204,0.883489241873973
1.18797799051923,-0.793804290498497,-0.516062948404785
-5.6358356516468,-3.64856104842548,0.445413826390352
0.496491048995226,-1.73732419071164,0.0715592993251724
3.11651981568493,1.42241285278018,1.74133722110904
0.562466749362752,-1.14856709407359,0.797428925027047
0.030302280184991,0.0315178854198041,0.596830343432203
-0.818385220111615,4.51145458512115,0.632234167753351
-0.452360809270706,-2.09975180585064,-4.15696674403139
0.340088989483479,1.6785921041806,0.449111923556851
-1.79581860247217,-1.9884144954978,0.73578506578289
-1.92095310835995,-0.375511606506648,-2.36644648808398
-1.7206703768379,1.29426746991066,-1.23830632643049
4.95121218815798,1.06529274071447,1.02316780379358
-3.14220445052425,0.826341748828911,0.458576953676542
0.612101815351297,-3.3973413192094,0.845514496673158
5.6260429943469,1.71242862917931,-1.20134610192738
4.05469970498381,4.667636876143,-0.146535236905357
1.31717662888371,-0.961130922345344,-1.99497697778838
-3.80202547208143,-0.419430270849852,-2.02833851936693
-5.86255298854769,0.577968005483995,3.05337580991876
3.9449024110085,0.181559093945471,-1.43400021963167
-2.19359421592434,-0.2923080024188,-0.486320948570851
-0.860668443505075,-1.1079977172942,1.77979616622043
0.995695188847277,1.37799523016656,0.903804012175499
2.46777210940146,-3.49469466921369,-2.56722484581715
2.30112753538897,3.66965777631522,-2.69829297499314
0.496191241163005,-0.911766630849176,0.670197827092503
3.24626889823406,-1.65517964671273,0.539560216879596
-6.23798831208351,0.39235345406705,-2.12894809009554
-3.19171740423923,-2.29705597423969,0.157187104165768
-3.93926288560566,-0.1244023613879,-0.601165992678034
0.316849672639931,0.748375032174984,-1.47897061147991
2.86560584199992,-6.06874688442814,-0.303455487741583
-0.349817982995153,-0.343023485742223,-1.97143079606156
-2.58865235445996,1.61305815488302,-0.100844795930049
0.254356647431087,-2.09691243719609,-2.66249490991893
7.24209439322913,-3.84666155748018,-1.21724900596725
2.71441525622747,-0.423813852222532,0.82112237829955
2.6123694553745,-1.58997995464478,1.97040961484618
-2.72846237089974,0.980146551461505,1.52891624030453
-1.57376767650657,2.67531213014245,2.03147506363141
1.97792026987184,0.671596191441079,1.63088843603003
-3.40437512134927,1.88879690751392,0.176695679507829
-3.78355987650439,1.01835131708915,1.38321321590434
-4.07010157409602,-0.362926855179445,-1.85280740701434
-1.50120237395256,0.0717715116220966,0.373803912708874
-1.17440673767698,1.05051647326766,-1.4515753419132
1.13771673329801,0.698137093842551,0.707460471502239
-2.44553845350721,2.18386006355383,-0.755079913087178
-2.59294289742083,-0.483893845219301,-1.18661213525329
2.25217079782652,0.723651272968049,-0.360906306532422
1.43906920331232,-0.000819834313105218,-0.0508370243798219
-3.18985876732251,0.466010967439871,-2.1908986051512
0.95722007737816,2.59191371939492,-0.917279442500706
1.97694125757687,1.78676698497051,0.662493906638245
1.31175917690104,2.17317154295097,-0.478924432578112
3.7308499307795,-1.90876816683798,-2.01416144678469
-2.21609333578111,0.200198844408808,-2.09936198233992
1.84387668341908,1.7722789567463,2.14503034173512
-1.49331007814248,0.319945387203708,-2.03732149845773
-1.65400394621708,-1.05699240081017,1.37002260557015
-0.888654366455744,-0.800573417489069,0.204120068423409
-1.42451073213686,1.67595297049922,0.479240574085481
2.35672797353363,-0.480904939607588,-1.34444637601464
-3.36709899474383,-2.43426103326955,1.29134234519755
-2.57194165980826,-0.618457657285098,-0.234807241306135
3.48122692241072,0.89132112287604,2.87793322660923
1.24652741091651,-0.576175820047656,-0.879163518523094
-0.579563705896571,-0.255629995621529,-0.345084897504001
-4.28524090351787,-2.01475686121889,1.39383825203731
3.21663498574735,0.727703856998898,0.762018803544078
5.82959241678441,-0.959494566718276,1.7143535187381
0.217190882557862,-0.0263591013912709,2.4977497903659
1.44876189834853,-2.77764818686154,1.47234899532833
-0.396789531137373,-1.46982117736947,0.977861844674863
-2.42730882849676,2.29665685574578,1.17442451567697
4.57323169638561,1.13918109371357,0.522627658537071
-0.51068535760407,-0.780999099861621,1.23132853496421
1.27275208039794,-0.617336579363913,1.19310701135438
0.124964477749802,-3.06976545535519,-0.171521133307822
-3.77435476730756,1.64880763161158,-0.235864126800394
-0.444343080341901,0.286365375423641,1.26589665270015
-1.29872037341401,3.85558328492113,1.0557221977289
0.379267151769109,0.988196234390043,0.844476494791719
-2.1754356892369,1.69332029213969,1.2680038462537
-1.63060899164198,0.460143302717205,-0.670997376207466
-1.37575485908243,2.5195172769599,0.536949507893775
-1.51009966615271,2.96151189193819,-1.94748314218056
0.368669078447683,-0.716408836223241,-0.0293687099981352
-0.521133824156102,-0.911747325429149,0.134812700311486
-3.82713889664006,0.186974497495114,-0.15675096513262
-4.14626346774456,0.275511489325083,-0.666006718419107
-3.40187313853493,-4.86777188458988,-0.30002168803872
2.77551917589749,1.36596923803486,-2.31966570887524
0.982145178603781,-2.8008838085323,-0.392516753720921
-3.88589282395218,-0.6675989881517,-1.2587297184922
-0.973300648322066,-1.67978134612274,1.34185262367895
-0.13304810217569,2.2845848286977,1.07460182504466
-0.0416637826320521,1.2110232605756,0.581797144151159
4.36606165136848,2.79557019957339,-0.780413278927432
0.707833336395372,1.97714047439535,-0.896457548225549
-2.59675157768279,-2.99548120207364,2.34441358126688
2.21291709244321,1.30505688566481,0.470812676046112
1.81539185377703,-0.876947909871967,1.53605300956759
-0.604241051939468,1.2119134549205,4.48651883410244
-3.59899602171457,0.700799389576527,0.788884210679324
-4.40562053377894,-1.08198090800065,-1.15238653534928
-6.91307479816926,-2.43013074914275,1.34786270021037
3.49904001383477,-1.13316222991595,-0.824778771074191
-0.798195163971505,-2.67653574221006,-1.07617072408442
0.367788549716323,-0.000435421498475554,0.910642858675217
3.73495116633066,1.37034279754825,-0.6509809720706
3.94714267155003,-3.61356480106609,0.924806268216144
-2.62710886866059,-0.114649106650181,0.920691578337526
-0.202061201421237,1.09516029528368,-0.863083534525941
4.33633406932338,-1.08660240098713,0.765350602435469
2.05970626723348,-1.44650907589002,-1.60286006098175
0.616760217409049,-0.443988876873696,-0.540035361146908
2.13084950120875,1.14478098694166,0.0330672960377382
0.402779900306691,0.196130508443602,-1.88093095469022
-1.26616510659259,0.141743686223156,-2.84156859429345
-5.73537676773055,1.27279109230568,1.96173509939316
-4.20872650410391,-0.589309779734037,-0.706128338762574
0.537233186003058,-0.182675465289381,-0.0608449238096522
1.39769645576283,-0.946008278276185,-0.150588383538737
2.04277365816598,3.64950618607488,-1.88804831596212
-2.14430139444883,-2.79057431709383,0.392824161108656
-0.0288728629302519,4.46939559959115,-1.96948473153773
3.40608043048834,-1.56400683996223,0.763819875935145
-5.26599235896028,-1.46690035955359,2.23822783160783
-4.00896404259131,2.65393923558886,3.18972643673878
-1.94815857005671,-1.75194753920867,0.395358134586272
1.63527828666039,2.41225324394958,0.94775407680273
1.70918302869015,-1.37492392800175,-0.0526287511498754
0.13138460977559,-2.24575302699719,1.32656385027363
0.380101829939629,2.48714509596335,2.75800136404934
4.62084815707213,1.37463116081642,-3.49645625837868
4.25923703455131,-0.0307399854536508,-0.71940709393157
-1.37052371872526,-0.97853172872789,0.759179025130084
1.46289284716633,2.21618329510878,1.1137649194966
-0.0824117794205116,-0.457225863542412,1.50415896070827
1.78865826982041,0.275796877815354,0.558496068636221
-3.72401158189956,0.742251332493818,0.947126170258603
0.248913890329228,0.974920680608215,0.838262762382039
1.37375400404156,-0.264337085140771,-0.332922825160988
-2.22118677248914,-1.54779294800963,-0.290158036985189
-1.23943890721916,2.71539679875277,2.097945343103
0.573474209965795,-1.62564565439083,0.477508514628094
7.58982380574355,-0.703483677915669,-2.96651566921722
-0.246238317133279,-3.57110112882301,0.525094932797095
1.92647169756062,-1.14108402852934,2.35889758214474
-2.6801199835657,2.45645156497571,-0.081837505691016
-0.283362256241171,-1.07458643833355,0.804413862022417
-0.504487948872047,-2.70900746077552,1.40922261097493
-2.84996382354367,1.35322156622556,-0.297516450027628
-2.21466736967902,-1.54883493984097,2.63755099360921
2.21495929630596,-3.71079120326522,0.0459896687873718
3.70476310973931,-3.65199868736195,-0.489303348074364
-2.01721126870976,0.958549552618039,-0.192115967891662
-1.24468570275904,-3.2350791766553,1.99502910901579
1.72927816403117,1.10755504417308,-0.847321489697488
5.14427550302286,-2.48639139016223,1.25131564049166
-0.564410612084594,-0.268446279396471,-1.7543240087299
-2.84563215141261,-1.73445668056,0.893867576690899
2.96118552152433,-1.33612872916946,2.48579275921921
4.33719516253155,1.57805050540909,1.4607758875241
3.76141729603451,0.896623330246475,1.62237114034409
-1.32681452364139,-0.937007618802611,-2.33204143115111
0.657603906104934,-0.869178754597653,0.594944815874081
4.78997907765273,-2.52900494672955,1.15323751092984
-4.22118133667429,1.42489280433701,-0.789407419730125
-0.694632095241939,1.42622706895398,2.10025547560157
0.672555313949204,-1.90408152574513,-1.11474627181606
4.26020917145296,0.880912721861883,-1.35510976742622
-4.97225762107166,2.56988826736996,3.09558236675358
2.14617618595476,1.95739667051491,0.14261794948167
-0.121670367689262,5.52629895529767,-0.939061209662735
-2.91310328590042,0.102780386353258,1.71406874399626
1.01092461707271,-1.11999051758825,0.16511068389084
1.32552355836499,1.04113624523399,0.513792055542629
-2.54978697805798,-2.98235157946752,1.8879915358781
3.37877747277378,2.33162837039194,0.609862541759712
-3.11630426487057,-0.839392786602442,0.581631586492644
-1.94146870145964,1.90046672213047,-1.69488992261606
1.69792027000948,0.126830284295735,2.24032585835262
0.854429940709194,-0.440129444387026,-1.30786914728646
1.88432652765972,-4.99937653487954,-0.457417834848573
-5.58253299883357,2.37750908716521,1.20156199510078
2.67669351442195,-2.18472380945795,-0.517767532110213
3.96596350145705,-1.34161110810437,0.938793437016135
-4.27858441120255,-1.88823596399002,0.892972848855758
2.94863638626978,0.485777802500074,-0.018698014642927
-4.0744216078407,-0.646564213895416,-0.597848071801162
7.01829174402914,0.0601931837780609,-0.550161361539786
-5.32211128962257,-4.50319705508685,0.769027293278681
0.00381550402431903,-1.37614368779534,0.830262162125436
0.644076040598546,-1.07489390330633,-0.605654703274479
-1.12546125073187,1.39867707995438,-1.07818353266001
3.63743584348079,-1.2339118573306,-2.82122151609452
-1.21396825903131,-0.11060505295296,0.981001530102574
-4.83643941522875,-0.561149716637692,1.32903902039579
-1.90072282001839,-3.20605318556291,0.601500503572803
1.44504034181914,0.560264223781935,-1.01282932869254
-0.0701713395771382,0.828483672708465,-1.24357131287859
-0.960134217526878,-1.59338680301588,1.6212157506868
-2.90877156038897,0.508213047049362,-0.82348289977007
-0.142278182459742,2.03591961780382,1.42576852541197
-2.64368690335248,-2.60436248654876,-0.128742690445733
3.4631831763142,1.30159245418051,4.10779284756271
0.586717058713763,-0.670066275951342,-2.97509586012446
0.458853198665124,0.98249087536194,0.67553638785159
4.26412001068872,0.465185246256193,-0.47324534409599
-1.79554595484104,-1.1194012040016,1.34872303472682
-2.05744850636176,2.48036853382249,-0.383414333619349
-5.78979017926998,-1.28145516015663,0.329808434787458
-0.0153826834119588,-1.84156602219752,1.1387378163075
1.1042568116681,0.641240843218685,0.337826428022376
-2.04315618377124,-2.41123899304249,-1.02512833518687
0.153027572838075,1.35866694854897,-0.557073767036954
-0.677943421608506,0.418026503293677,1.35179076245384
-3.23261550799558,-0.892035126121926,3.01615026845128
-2.40316833570371,-3.79624998835547,-0.246200698848874
3.10144201829713,-0.250511940728357,0.662150995269678
-1.96442464239818,-4.28401631449388,-2.77349385597956
4.47349611892799,1.58901066753116,-0.921559930863426
-0.185280000666547,0.0283366053709353,0.031065263982172
-0.623546095219315,-1.45614122592623,0.665733196524205
3.06022778125631,-1.14184775793776,-2.40057275241383
0.453370558481395,3.98897873482268,1.58605005421736
-3.38918848225431,3.89922809982664,1.91567479250413
-1.66606512561872,0.270328823552296,-1.86780995783871
3.49472723458639,4.77205284106799,0.0694253307612045
1.39866021287104,0.119077134024033,2.41067128927515
-4.97303570506981,1.15208994633014,-1.56498569562873
1.75139512297996,-1.60620439381573,0.770221077702688
-0.903990271486594,1.21635819938821,1.99883309237835
2.36035077522911,1.87664902776989,0.0362167444043786
2.88880287871757,0.463169283303117,0.577077831304529
4.56058094318326,-0.671856675635582,-1.95743554489029
-1.08620884091068,-2.25934877773845,2.36193798391732
1.44306577359144,1.13880155372103,2.89732452477695
0.537887507598159,-1.0208881807601,-1.0850508919571
-1.28247586152347,-0.676576566378744,-1.00592773054788
3.35804755664816,2.42415893787887,-0.630903487578241
-1.6533742570116,0.451206402396349,-0.415371042418526
-2.20406676057871,-0.191450079816871,-2.6944913319253
1.15061878850585,2.19310378296392,-1.91362196448592
-5.04645064658954,-4.61387553615633,0.993236061004068
-2.72685279509008,-0.439620520479523,1.88650424262328
-6.17011351995299,0.918729497613943,-1.43305927686069
1.83709480316074,2.63965214350484,3.41795704893675
3.30128589450349,-0.487099191431344,-1.80434854100302
3.53673870725081,-0.610141166613266,0.869966060587359
-2.25350664501962,-2.08312720475246,-0.872324438516057
5.23474822317456,-1.25689349312457,0.652350282544001
-2.09935658344078,1.603038634737,0.287164099979354
0.163996603496017,-0.967582098880361,2.48206500471922
-3.5126120490668,-1.48720771970037,-0.535213085177409
-2.873498963838,-3.14650089131572,1.27345865229942
2.38068709187607,-1.44566717979207,0.166414473540594
-3.93807603205932,-1.0134997322952,0.459154032792552
2.49991107017292,-2.26666548172154,0.988851617519802
-1.4342909610559,-0.960404078709328,-1.09402984713045
1.86403116184023,0.264958313656344,-0.0747427400945913
-4.60311420604749,-0.526282112836029,1.80219320681231
-2.83791373576703,-0.0068860077738212,2.30573654218444
1.92419802918951,1.51025811077669,0.134566286697389
-4.26522891263284,-0.878665147532992,0.478800245061482
-3.49588617711667,0.562110878574566,-0.907110719145642
-0.822229605148482,-2.24645096414225,-1.10416590861135
3.00924595910482,0.97270731399103,-0.759558865632144
-1.29703331167901,1.07911551471823,-1.05580402094118
3.43654619017421,0.0832241775601871,-1.00603742396461
1.97026232639673,-3.68845218234489,1.77733512072625
-0.194744790169147,-1.45324877777807,1.23018209384215
-3.9596108473198,-5.03571892298278,-1.11557605950308
1.41896598941548,-1.47916161769703,2.48649637362082
0.600161024717696,1.40778898811145,2.48331891896916
1.73862561756642,-3.27539594938932,-0.014772074718342
1.35625019891383,-3.35680692350886,-0.24237130026927
0.482314028109713,1.1660597654121,0.00877913526324996
1.18783509417344,-0.767539744964605,-0.239382302470219
1.8162035771118,-1.04175396926994,0.72429917936988
-0.672632985612435,-3.54169866827503,-0.0427796361152221
-0.110631463481564,1.26301363861694,-0.932393638955625
-2.83730711690825,1.3566791586415,-1.30471299200315
1.93621899859324,-2.19210499109647,1.19051002109814
-5.46402148661691,0.174318579100736,0.0775505926153836
2.290686239773,1.03756846524077,2.40369484673746
-1.75925393173707,2.84439200458909,1.08682157221849
3.79199788100541,1.06797720946014,2.23601343271064
-0.129670384802788,1.33570180833528,-1.33477098425524
-1.55162282499343,0.45631567361734,3.30199562470003
-4.47964384428545,1.47340257846453,0.360339162487244
1.92963421985572,-2.6837037200463,-2.92951704012389
-1.77925265467922,1.87285195795048,1.77659778061267
2.31822362333885,-0.753005956184781,0.834594402566267
-4.58262698854403,-0.0608727822836069,-1.19196682351141
3.84182386080235,0.378101160237936,1.11987410612431
-1.49663624029273,4.2065410928275,-0.947775361755457
4.62462122301753,1.20553355587044,-1.82494074566538
-1.30219416271443,-0.712368842121566,0.308217297540277
1.14552041918903,1.20940877364745,1.3938246720191
-1.2003897088176,1.4589254591399,-2.05046437397937
1.25004416777125,-0.690160277718377,-1.34888351274139
-0.729671739447787,-3.81654133266341,3.49312407630654
-1.84899756370582,-1.67219216272452,-1.34267733470355
-1.03477780829288,-1.03389428268729,-3.23696570373323
3.7687261850987,-1.13889458518833,2.60687929411781
1.70326360252269,-1.20060062947883,0.781716659013878
-0.620135536835923,2.23673616447572,0.378192227966219
1.25147222851934,2.91862864997737,0.203399366159767
-1.16430496253622,1.44626879481261,-0.150787936705939
-4.27007120111143,1.54731574229249,1.42118258174362
4.4238902882233,0.194627767258848,-1.06436083568175
2.49811387834331,-4.94389506581568,-0.168282944886977
0.944031840965341,0.646967386180666,1.28499213707351
2.43907884937787,-0.818509006630291,-1.50378408528844
1.67566849760157,-4.31899898851524,0.135170043711037
2.54968533713682,-0.200875221430546,0.394907263115379
0.918954129584508,2.12173529616324,0.947837766180755
1.56818950962177,2.55367738237637,-1.09373460317753
1.62051801350705,-1.90696969546847,1.24260961742409
-1.25685348816894,-1.26924358548676,2.37896115085845
2.01323285410758,2.86273665767911,1.92765580968468
-2.13228050275587,0.844695569539913,-0.781399963543004
-1.67367985662416,-0.644847386707986,1.07445413143508
1.86367749254402,3.20620483162115,-4.83811276188831
1.60643003956943,-2.73306469331807,1.40087900330421
1.9448855588246,1.76574579818715,0.704262581286123
-1.42618747077326,1.91149574869832,-0.968874052370553
1.12957377860442,0.0257297891818368,0.449171955266435
-4.10753867646158,-0.62790250198666,-0.710848894279808
-0.0393335085725937,1.12066571330136,-2.64650173612426
1.30982835934618,-0.762555115799727,0.560446727971803
4.87162516893605,-1.5702428281248,2.83699134426224
3.13833246587471,0.0293395204131153,1.75584245754657
2.08346693333161,1.72378921693435,1.52170409986008
-7.85449733433243,1.24204368093073,-1.05841886369373
0.121590581636658,-0.758249587656518,0.0657950011494703
1.21720543471938,1.37116959382458,2.55986546304414
-3.84224999622529,3.33625800344935,-1.25143193525766
4.00173429377847,0.397797559881007,-0.481953352171441
0.695022347783408,1.35879476489874,0.189511195460429
-3.53534987373923,-1.07863025724508,-0.8998945063583
-1.55727483324858,0.330872875321387,-0.0359115038948811
-0.427352217596586,-0.469560078875705,0.642291245402776
-1.63950927036413,-3.34928041438144,1.65494413317649
-2.92940591863007,-0.622068805010491,-0.904507975593091
-0.735472651424832,-1.56625759184006,-0.128086616075559
-2.76281558859805,-4.84118647186033,-2.11652675999423
-2.95873237826921,-1.74374221797298,-1.66640778440719
1.80979034722944,-1.11250632748839,0.332135884138262
1.23517396953019,2.21959909572235,-0.807353105111564
-0.483573035392951,-2.6717333857771,1.16932542049855
-1.17084174326053,1.00767112809741,0.970790332708543
1.34130351618396,2.34651330023013,-0.868337240690742
3.28058310996298,2.64808242112647,-0.137163667031433
1.03376216185326,-1.7024503723845,0.656287033545532
-1.0427155888741,-4.04957910594455,-1.12931057507858
2.63761662227311,3.26976068359282,-0.371449440779839
0.12037381752732,-2.65543327752835,-0.389969885338459
-5.96701177247425,-1.52450130146522,-0.706994697685849
-3.66137540374708,3.52400410671345,-2.46480085356916
-0.00552441883825415,-0.446175949177909,-0.837299745616603
3.31543904784737,1.93144769918512,-0.983634106875599
1.22097036804627,1.30634620216229,-1.36303720573835
-1.39885238838764,-0.186863467118995,-0.00418484059625581
-3.14710740730904,0.478952540153744,1.10359562884158
-1.47057037436728,-1.40478941974532,-1.27712238538398
0.0345720275750133,-3.07017369430406,2.3985686847711
2.600498586461,-0.677122031088344,-2.43859926145125
-5.89693563289157,-0.625867635457851,0.175945654484672
3.58162980150239,-1.05724907226224,0.317285661840363
0.0272236872821449,0.88236486155997,0.91292938918766
1.44687408288303,-2.02472114399914,-0.364511712135474
-4.2227105789955,3.84772804118153,0.931093971324006
-0.0170377033214347,2.9000351828361,-1.50151936091731
-0.305263869865276,2.26331681787599,-3.68910763158116
-1.91531016275636,3.41532907592252,1.60659470528522
-0.106774848244265,-1.36336275902576,2.82144646547696
-1.28767230857794,1.08941630310768,-1.45056146256872
-1.07969964789578,-0.341824446286359,-2.13930757850167
-1.80176642970022,-0.526144748705439,-0.847531685444887
-5.50220663918142,-0.119004187540101,0.928586546678929
-2.46559654634275,4.07569410125781,-1.16556883599155
2.33818469451589,2.01219406745609,-2.23317782480338
-3.41588304882705,-0.645069951208675,1.1994970873638
-0.541122983487745,-2.43111847525856,-0.298945307025682
-0.275243897946722,-3.51562384110327,-1.77277864242823
-2.09609084974503,1.267583704096,1.18397735995875
-0.193721457483025,1.52507490281678,1.46516157546889
2.60800343474448,-2.57981486227336,-0.437441348900565
1.39549640717075,1.49678123460611,0.820169538858787
5.11824536545911,-1.32646090281554,1.13806732846291
-0.832263652196669,-0.355540242359654,-3.15658077078991
-0.272904457282821,0.460816610702787,-0.56595637312538
1.63241122632442,-1.09495484416707,-1.03530667608492
-0.18005317899768,-1.95883313516572,0.652742548522933
-2.22422995380163,0.399650276603667,1.22515672744182
0.940558883363497,2.06159872779431,-1.33369737896076
-7.6128234178473,-2.76075641255335,1.50107320989585
1.988220311685,-3.01964123090556,0.355036142082779
-5.30339656372126,-2.02366630298207,-1.23007593250857
-5.63665256603139,2.27970948768723,-1.17363415333662
-3.83851338867,-0.586441896163175,0.0366480196533662
-0.101727262576017,1.08571852131359,0.993075564384151
-3.93369708381029,1.58846045977906,-3.44571583201079
0.345491572090911,-0.724334933807119,2.50625591129763
-0.917507907182713,-0.49786950352676,0.266704999905985
-1.46534000281101,-2.31750027752536,-1.43380451480056
2.47429681225693,0.922334428147833,0.0173613401981151
1.13660263453176,-1.08503357893482,0.707043435970937
-0.984392649997514,0.746032099824133,1.58809308722787
0.0373609497737022,-3.00247641486643,-0.23253574082994
-1.37289940370189,-4.0736621022077,0.76534603171872
2.31239762657935,-2.40406836513469,-1.38867610304864
-5.2022218235147,-0.250935993952314,0.576630701283025
0.232079490982538,-3.45374495532654,1.77407343684363
-4.1024099225206,-1.0765096299367,-0.174001887126568
-5.4942569587672,-0.289250333390589,1.21666343605275
-2.49521678293852,3.7496822312899,1.14157988658952
0.430153282919048,-0.305351292120907,-1.07801744073146
-1.38045954315865,3.26855868667675,0.774547293481078
3.91465903756116,-1.06202026686944,-0.597293580255757
0.00959946509932294,-3.00326250582944,-0.303627346699094
0.394863776615838,-0.898849490067989,-2.12570161735536
4.37464022371235,2.36659090680862,-0.486564996535275
-2.90851414604231,-1.79570009424413,-0.0050985661797972
2.33163099508602,5.37664879486428,-2.28059121318386
-5.24399922078321,-0.418696899824867,-0.31819056809381
3.23881160805053,-2.41678293656003,-2.35728277536368
4.38102632641408,-1.00098436651452,0.858231811076254
1.19908040405094,0.449326702551556,-0.876891818737325
-3.8068895430355,-3.67037594378412,0.878795049821203
-6.06896361833191,-1.30965858909803,1.5326172601986
0.427386035831163,0.606290408998417,0.784168695140638
-1.93279469134405,-0.47086998506972,-1.80816834167697
5.19458033003615,-1.94210303844477,1.18936446542255
-4.35033912526615,2.6897090734241,1.17422027947369
0.0653208135270773,0.470482155777609,1.07692285703624
-1.85290311390363,-0.0952066931416594,4.26909517380172
1.31490952602993,-3.23862392457411,-3.15495196502715
4.14500715764718,0.162872480766074,-0.0871592508964357
2.81761328137383,2.56786734474198,0.318856442693899
3.96669786227017,2.45983621281476,-1.25472747265411
1.11206945910083,0.517724196249375,0.383110306288484
-3.49956865068736,3.57365356693356,-0.116621639496163
0.168862004846956,-5.55441806527001,-2.6558711967866
2.0520372691306,-0.167952536215496,0.788607210883033
6.20226212506248,0.656324051470908,-1.41412536736952
0.416642826085099,-4.0698525520299,-0.960351714643585
2.04801816185846,1.91817268292946,1.11130858734254
3.57851180246678,2.47642418048282,-0.61315795559624
-1.45859742442102,1.31829813800931,-0.30076467125163
0.37577530063943,-2.92783081806478,3.67711457940036
-0.0143690633364665,-1.00324785400826,-0.503520103286254
0.894783894063532,1.7350204429907,0.808171494349063
-1.90732332775704,1.88608503277328,-1.69060088604154
2.34433549591867,0.401097062733567,1.1127562400403
0.573752928686703,-3.07309573760303,-1.59393188312798
-0.178052101650079,-0.0552653337940396,-1.36557909416576
3.82676227534678,0.336373921133658,0.929088340638878
-2.4529049354323,0.993104086840923,1.80515871709265
8.99792387123962,0.511393041812904,1.60448916481369
3.38751720500662,-1.49937712769217,2.68401479690601
-5.45269917383036,-4.94083425911215,0.120922691042582
3.72172936184859,2.15924653882821,0.370532852507146
-0.15342311134365,-2.9535823815088,1.45972895596118
-2.51154224717311,-1.11745050419508,-1.60087696149747
-2.65300078321628,-1.60373968699138,-3.46339864111128
6.23325962071341,-1.57625646900273,-1.19925143277202
5.15546749403703,-1.27164704962438,-2.42307374630408
2.33441213602057,-1.01351918232785,-0.00890282424718514
2.51711616845337,1.34123999666891,0.489290185194713
-0.113491379560771,-1.95317959195123,1.85111859808191
0.598319984818058,2.16014079116988,-0.255509455255475
-0.791511109330774,1.2059915296033,0.398935127988173
3.8529093123104,1.27184313979754,-1.62513849020864
-0.232153505525713,-0.330993900984812,-0.596559633980027
0.265944010549162,-1.23799838226836,3.00508713864451
-3.19384433596164,-2.95258717181282,3.15197958954269
1.02717969101213,1.10177317850476,-1.98475073763751
-3.22005121907989,5.10903807060962,0.0679014553084221
1.30519712375175,-1.19207293941651,-0.505896505300226
-2.8670669772541,2.86072057039616,-0.410570179678175
-3.15224903666146,2.50901536231654,-0.375313167752099
2.1212535970462,1.15660228625089,-0.00419939386914176
-2.14609176654342,-3.22453076338453,-2.89819909811498
3.58006127942341,-1.49187317543099,-1.00217197187921
-4.5413718629564,-0.421860915235308,-0.233679343012893
1.44058244748293,-0.958030427379571,1.00490792804239
0.277160819296797,-1.60258404465322,-0.0729490413219069
0.420356107761926,-0.576469980867586,-0.657615810878293
-1.62180272854513,2.65175018498474,-0.569303136424632
1.94514043756009,4.71480299494258,0.974757939967534
-0.373288242965633,-1.66689914906558,1.7663833232138
4.09477333148114,-0.430872753454027,-0.127679988619472
1.74950961355748,2.55637293693475,0.647127892412364
-1.18498213302112,-3.06723754318867,-2.22296764002782
1.89543344785839,1.45592697017101,1.48488432317505
-2.56242823779423,3.39590944971656,1.76936343597792
0.751863710439844,-2.22431496865698,-0.465738869030003
-2.86158486510236,-0.256923905654468,1.75846707135423
3.0524958611344,0.910284468579158,-1.01818424197798
-1.12113524647961,2.51219720530002,0.673403417582884
3.94711087222703,-0.99164957008568,-0.663472947984826
1.73864200530362,2.22641872897311,2.38420992856866
-2.94920304694643,-1.74825442337305,-2.37782169912918
-0.641530375065623,0.954983976274715,0.0473554039873402
-0.916671891882597,1.12328177598482,-3.08018947873263
-3.46293043842913,-1.47664621712426,0.846016467712778
-1.29420382659573,2.03562599171395,1.07824134950394
-4.35800297714052,-0.424299097958528,-0.228175377943994
0.39212771492753,-1.63489050427891,-0.941259912576099
0.389763442067701,-2.2860992991054,-0.288113590807531
4.41511150117629,-4.05442468890434,1.37534720809076
-0.736539315473847,-0.460255400121745,0.526345482505297
2.45261400138313,-0.239040975011701,-1.10160501278575
1.01338737069135,4.31026989938652,-0.878212733991327
0.452244574788909,-1.81730099550881,-0.858132530339184
-1.16760427663145,0.214597781495253,0.411368702678346
-4.97298131709938,0.399160814417342,-1.06415501129091
0.50752737542895,-0.531635079252854,-0.564562483552734
0.15320193203328,-1.08067020051708,-1.25975157360833
-0.244103918786742,0.19464789701137,0.872178127868936
0.29655562213034,-1.81818648047225,-1.69420373065112
-1.01287653886892,1.94586748976642,3.19853461651527
-4.08321189216947,0.0804549248402412,1.73057112680495
-1.19486631289054,2.81297307506086,-1.12128067722424
-0.819054933272671,1.45323874594878,0.777208549727341
-3.38795764371893,-1.279002838866,-0.578615499540362
-2.71586532756454,-0.646582393543027,-1.57821033508436
3.78900885372537,2.53208466455535,0.095075271626885
7.07993870781587,0.800761950050151,-2.60281404021989
0.343911729265812,0.102214297473268,1.44366686621581
1.89919503331113,-1.68605841321671,-1.57674169604826
3.91098616830756,0.766939671145788,0.45629100352106
-1.69907885120874,-0.443212371861811,-0.451130787696984
-2.22564408648207,1.59599640037384,1.16226070755447
-4.44051233237785,0.593219106272416,0.726264353326593
2.3103284383437,3.6113247266933,2.60911617204441
3.79128649102124,1.07842460060885,1.67063213122487
0.889151895393293,3.18498912779975,-0.163843198309297
-0.670147762202979,0.162916519563649,-0.582006314262604
1.97715776387146,0.255866443937695,4.33296509668593
3.84139553795118,2.65131733773191,-0.412781163982668
2.24470058635668,-0.462703896615928,-2.19153193239459
1.90590714857373,3.46067738286447,1.66556632182061
-3.96444117850781,-2.77342667406238,2.07002378263526
-6.6744643144976,-3.36737591855458,0.698487303810702
3.25515914667424,-2.16883586101293,0.242768305357812
-4.47048712607946,-0.323542543586896,0.197669017710738
3.92645064950544,0.259037299717159,0.55202920799129
1.48467898552658,1.36210486535511,-0.268060327811009
4.79065934753155,-1.66201468692677,1.50241541118689
-6.0381900231565,2.47099726141334,-0.612222711173773
0.261719285954207,-1.17138062570015,0.422576244265128
1.1855555425629,2.01341962856347,2.188714984649
2.71441807670888,-1.26633887814857,3.17709881094797
4.69348480213231,1.86806512075731,-1.71674926970959
-0.273741682320863,-0.249586336867628,-0.410541363796146
-3.8902406308325,-0.162879870671129,0.0736794029965757
-3.91473592850376,2.41863853650468,-1.88368328190813
2.28339357218815,1.12021144203119,0.79485600462466
3.51436891554617,-2.31712256491194,-1.03304277001011
2.65866317623567,1.41736632691281,-0.92902692184227
-0.657677382203459,-0.506218263807131,-0.591561022244289
-4.8635955413889,1.11752822683253,-2.37438213949428
1.63493280401413,0.655867330042196,0.648696233176002
0.243776804783405,-0.727414351255951,-2.5005299862153
-0.0332559269337289,1.70330562128574,0.546489261643075
-6.40492004486645,-1.08790027543891,-1.14137618340246
-2.05643496566325,-0.124275170318367,1.73633267116447
-1.27787231610997,0.281694053243239,2.24580182993374
1.37915534586416,3.96133694629472,0.517615310502099
1.18494658999845,1.7180041526193,2.80931551729369
-3.24655126149786,-0.428293767801574,1.10506630563117
-2.92117687240655,1.38849920004956,0.28590597612525
-3.75114526481659,0.478953268553039,-0.662841833318919
-1.3394656857684,-1.80263867736248,-0.0533662263944546
1.36752077881995,0.401347682693174,-0.0877794995648917
-0.283798969361339,-0.976701067959522,0.989012037502015
-2.21518284475877,-2.72243258872183,-0.927194306536573
2.48060122175662,-3.85031183592491,-0.107389567410022
-1.51337732929118,0.798630945504979,3.30023184652691
1.92489224216987,-0.22172951529889,1.60472965841213
2.77973981748577,-0.840262016809754,1.51815753823588
-0.56519817390557,1.14772852431393,0.716050778876362
-0.873258134654481,-2.51285985829369,-0.744984580463723
-0.0954939899651013,-0.445820962749169,0.760651074676907
1.08604175949982,1.44915297027249,1.78065300443464
3.86139214654559,-0.477133139912009,-0.285036825649611
-0.645134332865047,-0.246950570325547,0.60542045911631
4.49820484451397,0.0713595398110543,-1.59884787156656
0.92178696321199,4.05819535393305,-2.313551302598
5.01188808799777,-0.827517813932151,-0.28634827116553
-0.386966654428529,-2.42518408139114,-0.531003922814767
-2.7351839066114,0.688353552162867,0.297679981738759
-4.97596526335285,-4.44383490248551,-1.34087583575629
-0.500208628651543,1.26885787084101,-1.77516202808321
-3.467957390802,-0.459582328857778,0.972505379515664
2.60595300091444,-1.9046847413976,-0.314818227671454
-2.10544700166478,-3.63635793116361,0.882060665004638
0.35687570542361,-0.854922762568932,-0.800689988800108
-2.29640329201156,1.55754553341152,-0.726093995658823
3.04867674203549,1.74839739060983,0.785690360782426
1.4319603095672,-0.47505618896578,-1.00897113321318
-3.15115856256686,1.11173779252573,-1.38858842069638
2.87906900348878,-0.855752120051546,-2.72934043276783
-0.37428100798336,-0.535256171856035,0.89537044755618
7.66987753080939,1.14809547875443,0.992515203893767
3.83637869048612,3.3670104253645,0.154764188085798
2.49506482577363,-1.6289919823713,-0.783366269847214
1.08835252139274,2.43037503016963,-0.698998247481474
4.89029499842475,-0.451247391843559,1.13544462113145
1.08849058209804,-2.80828819524464,0.269806179526695
-4.98354120416474,0.843884298401013,0.992102235506495
-1.29520572421053,1.05930619179287,1.86684224339709
1.70137215610987,1.82961361013793,-2.19987758975687
0.919254728166348,2.97758869548627,-0.248133741364747
-5.17711107515163,-0.749473180500852,-2.39859497567423
2.87046109528687,3.48946585778365,-1.14957792162706
2.40439854570458,-1.52561983274369,2.47462896666155
2.22383292146161,1.91877715122816,2.04741406011556
1.43458034572647,-2.01679500234183,-1.7312582826237
1.79872578880213,1.92002334077455,3.97950576774676
2.18450790680911,2.9902978551268,2.71660824759802
0.42454437191061,3.17244346521741,-0.99260844530513
2.48179438078968,-0.640498877647623,2.23996593414135
1.97840965116287,-0.0989839247537589,-1.53677714171374
2.41512803422804,6.34464761249359,0.665611035304851
-0.749975065969759,-0.635434849257113,-1.97699395428319
-1.65243356971049,-0.26899388230909,-0.289548608129818
-0.48766354043651,-1.11326092944053,0.983331047450509
-2.69730473208198,0.482766505028008,0.0402329302857882
0.178143801639019,0.857936702137889,0.129934658452802
4.7292441515892,-1.60636738560311,-1.31171977905613
6.90919455623775,-1.3552093432055,0.938633581749457
1.40171770656533,0.279159748980241,1.11972778228637
-0.000152376835166418,-1.71752977824823,-0.713650593409132
-0.769420624918547,-2.06627567512189,-0.273557908088632
1.1818064445246,5.33292218715385,1.81060100428115
-0.212501243431984,-4.15282207922545,0.422677327973001
0.255828005356347,1.03084724502447,-1.38319832418122
4.25532157905432,-2.53164096859945,-1.65160772392466
-0.10665550310175,-1.50066044149245,0.458796266878978
5.82859438233067,1.69223247446946,-1.75968002256157
-4.11613349471955,1.60041652858044,1.45471190893144
-0.612549902815562,-1.89780742250029,0.248199237880414
-2.178561972107,-1.34209860885444,0.287255010526991
-3.43488613349447,0.95479466502443,-0.204270643051557
2.30373321130154,-4.24964090874152,2.2826073849733
0.793811882283234,2.12902249153794,-0.867822002929582
1.65151857702333,0.252909191374659,0.837444924064685
-0.0234419912572555,1.19589237861172,1.06548739523945
-2.32809226242588,3.94979069407058,-0.877381604297209
1.12079023925072,-1.23661035994508,2.23987906724573
-2.89516216746458,-2.67700775198187,-0.302154103501341
-2.77836362181866,-0.312643447685781,-2.17780017676543
-1.34506340249664,5.2001226188456,2.16260517109114
3.07629490263398,2.78152257149504,-1.05709224045031
-3.09304214839029,-0.589398798942399,0.885615956306888
1.93996927157613,2.15803225364096,-1.67570765798759
-0.889785804165238,4.46724503017638,-1.37145528861831
-1.83111443817648,2.1696429503234,0.91981650667412
1.184408277557,0.406696814502929,0.636875735858419
-0.0566074802991637,-0.382439188251988,0.668975434057071
-0.127965093915124,0.846871860322395,1.094820243073
2.4855278805603,2.21952184511876,-0.756890012156124
1.49149632516729,0.312599652516521,1.10306950732352
0.57687479135671,2.13804141745713,-2.9371632295115
3.96349967975295,-0.706779227992279,-1.75598175382393
-1.44628275121678,0.0468281354227747,-3.38622496795338
2.33576723057806,1.11089801010278,-0.945631462930273
-1.16119247257554,-0.218558313597478,2.86852102055915
-0.875354690739483,-0.570902294701169,-0.724530934267327
3.15856203222704,3.62219143825446,0.0271540442656825
-0.899897993322277,1.20170227280042,-0.227962716335827
-1.4620974630996,-1.53127950145149,1.77818496315574
-0.505451371606281,-0.276412504925372,-1.50536986955288
-4.79638708681489,2.85893697380151,2.51635887550903
-1.1918024612866,1.92352477032162,1.07342995176889
0.815210562666337,-0.283564674826545,1.05792809188818
3.7803348985832,-0.484492039119013,-1.90030605953169
2.71096107808255,1.09573029484984,-3.29508626286015
-6.07518865178763,2.82761233640567,1.27765353305649
-1.27018848344163,-1.6692910012516,0.193629278395337
-1.68000937834621,-0.739744721246927,-2.50157914015515
-3.39299397813641,0.715090769568558,0.740131484151153
2.54396107953793,0.0461206703527708,0.597526491767529
1.25720139718995,-0.615977208736575,-0.200067629249304
-0.914854361754701,1.3857977165212,-1.64681147217419
-4.16796016541004,-0.290728715082201,1.8839542460562
-3.33266342762192,1.44929548145102,-0.506573025800853
-1.02032558314391,2.53856878336669,-0.154650021410939
4.10242592981359,0.521483826567704,1.55064832915619
-6.28378854942996,0.740928051033636,-1.43630648444875
1.83476525974567,1.19271492920222,-1.84728854327092
-0.207353054885844,1.01484334202849,-0.0577154421473263
2.08533861568359,-3.24924561687981,-2.25895028228892
0.0886774865272608,4.45086809479391,3.05232274005915
2.21620345787725,2.38999983582438,1.36382308595673
-0.450643824035662,-2.00519333708428,-0.57830252385898
-2.21628411104565,-2.23859990516297,0.871545347856035
3.56792585015094,-3.49779785540402,1.6036865369433
3.52618367481224,-1.88434333804784,-0.081155577617244
1.0798205162015,1.15673332468059,-0.638147570479267
-3.94029693053266,1.89570976491736,0.37002262079141
1.17619454274117,-0.438812470174973,-3.02723573304267
-2.56303818337066,0.96075684862353,-1.16028986628665
-0.393192385757235,1.52545588205071,0.184568705700277
-0.842229989818858,3.62123317119126,-0.966877714714491
3.08066692108906,-0.411853782398936,-1.40135601123063
4.19042155381805,0.641383696944502,0.0242249158125438
0.471661241043573,2.19631205821418,1.28277957215742
6.40368602849469,1.09862587373444,1.88640589511412
0.515782144889659,-3.77105986392887,0.0622529692414704
4.20750107695594,0.138811593378818,1.22167622342132
1.25162617812333,2.15150221213101,2.4806746374529
-0.396355525311571,-0.823415284884905,-0.894153960782696
-0.195562417018069,1.19633277995868,0.0746737924537801
1.75768137064044,3.28048913365699,-0.230834899762973
-3.34006097092003,-1.74594694000287,-0.0888007355345163
0.31408947817732,1.55514182087483,2.11327894230103
-3.60103442311155,0.207882151901472,-0.180738600253432
-1.34829605997664,-0.176291444108372,0.761823998371397
-1.15922095521471,0.35438695688252,-1.07995453869051
-0.455338550987076,-3.32337640394628,-1.28958812710633
1.38717370767673,2.25081275578635,-1.11146037427256
-2.57664962715106,0.199556233466997,-1.57536428548406
-0.43971425702562,-0.485206415440848,0.0121916877872782
2.49984088642272,-0.207548842339376,-2.28400487164089
2.34463493194981,-0.186163478662214,-0.324401876061876
-0.390603190095911,-1.02796070419769,1.53685170090024
0.716312905270787,0.532127400037685,-0.217296988626868
2.9439410381339,3.5544049761003,0.784435929249026
-3.12831515758798,-1.22408582655126,2.39541872616901
1.04872253080126,-0.187592694731793,-0.758010390875602
-3.50842963142873,-1.51394575265064,-1.62560483244068
-5.57955021179566,1.97905207742518,2.34064055910766
2.77551626513372,-0.30042933420209,0.462009673266844
-2.51000730930093,-1.11506566838677,-0.671098530292731
-1.27314181781586,-1.2250548280456,-0.02133755464379
-0.222554232328236,-0.680972477983921,0.548531879511873
5.76949610003582,1.34097050305323,0.184688427067221
-0.221263027682023,3.39494336583793,-0.351278278751277
1.19106785275578,-4.24634401351909,3.47849426873911
0.907069469182922,-0.454852771930907,-1.28101460897659
-4.54932604728272,-0.310390568007031,1.64433668399095
3.72497302419133,-0.268499234485722,0.876591950573905
-1.40647293172464,-1.09609580047816,-0.561541162669902
2.31029149110687,3.61533257942238,0.820710578290231
0.799945261098608,-0.247017116480091,-0.67015750276681
-0.857525823848982,-1.43157704078859,2.6550676145244
0.603388803628138,1.45594399784503,-1.44769595313713
2.66264330307325,1.62649131200707,0.819103648586403
0.0438530433874697,-0.332490223388515,2.07971230520047
-3.15645043718152,-0.371421710861158,-1.59862605188895
3.1609906615148,-1.688825624247,0.0578638700730243
-3.60421823593352,0.422126742569414,1.60903923407825
2.94821749690875,0.149325649079156,-0.053335168968675
2.74533739887709,-1.44567635248713,-0.23403555380484
-1.36438723850841,-0.783945592267623,1.893977295597
4.59033844909364,-1.90846696636122,-0.292753204439789
-1.45968429825249,0.41217897515551,0.531553464929276
-0.706654391918591,-2.33828656367653,-1.0790892058323
-1.59774389985831,2.27047432479915,0.868877687926082
-2.53845129306913,2.13138510006866,2.35990949690853
2.82316154659733,-2.96758259236909,1.84631942966453
-2.56764726320532,2.90157658032888,1.82876026944851
2.47640413554997,-1.75630831541103,0.801686383938268
-2.27050666519439,0.715536893061545,-0.550675889974602
-2.3464721324867,-0.05975821861676,-1.92977325499718
1.72774792229932,-1.75269343172382,-0.690183958689398
2.36761536740571,0.316552846506499,-1.73069580112696
-0.534046682271278,-2.41856027554013,1.57686095077157
-0.426605855358393,0.108682587932765,1.55257848174273
-2.97450191918037,-2.02154431649112,-2.49390106034527
-2.84004043424424,0.0870712754248111,-1.75482225669031
-0.733780737677136,0.849722489485897,-1.88492337019662
-0.125445617682672,0.405098722856835,1.77881048001803
1.77207251797584,-2.85425511735997,0.640555193540621
-5.298116255594,-1.60399836692136,-1.62748483504525
3.44068980271933,0.571513909825802,-2.47069933757418
4.41811611929573,-1.3081079350027,0.556566134986645
-3.37054145481799,-3.98682851533458,-1.68796449699095
2.54937240550721,1.55317892905883,1.04020379612093
-0.356630741479333,1.86937566992631,1.49687774098968
0.803007865181245,-0.647216497171045,-0.732791043295299
-2.00649417784657,-0.00896356268932508,-1.76696383384335
3.41667904862094,-0.368887151891126,-3.50972186085257
1.68617579669993,4.04714205523519,-1.35495611897877
-0.575672238886579,-1.16038311081507,-0.597675530132229
2.08056334436798,0.369952815407627,0.963227685420888
-3.36272343624898,-1.77556604169229,0.695627909587275
0.615922871702844,-7.13235027293922,0.496043039360672
1.80363948422198,0.555737777033357,0.555786657730871
-3.55675645153078,2.06090367481634,-0.293909225179139
-2.24930321023776,2.5300857856008,-0.688599936043239
0.0876921683192416,-3.72721605211005,-0.577166447054762
-4.53060293099557,1.11213242099915,-1.62977226383735
-2.4969418087758,2.06685810056121,2.13586740207878
0.0249845541863965,-1.08389769511244,-1.21769095766447
-2.30264179693979,0.783149057547914,-1.72172208736318
0.420042884244795,-2.62788831509195,-0.121870788862009
2.3960962272671,-0.813123358510929,-0.45858889025639
5.07041595843047,-1.63719124036516,0.530006489900365
1.58414313772353,2.11163538594072,0.314984243167166
1.26997641180844,-2.5497632549364,0.632959055429197
1.67821288017957,-0.55642150000788,-1.82023617304889
1.12415349101476,-0.912878289419039,-0.571875755574582
-1.54832123348586,1.94396473492431,-1.25741668307152
-1.43845087718369,3.3070477581634,3.96561547494931
-1.59948095629532,1.86138045614636,-2.15074855979977
2.9272923754495,2.48051737352435,0.951524485322208
-0.292131951114075,-2.48578219100666,3.02899013203339
-2.08614154744209,-0.666545414078092,1.43025460934941
-2.42183875349589,0.413099038480714,-0.426439265735669
-1.82026993252974,2.42034526070741,-1.42735490877722
3.07081212583601,2.6222031888452,2.66105847075895
-4.32536145455032,-3.12994170929202,1.80964554141927
0.221926863573311,0.577752118243638,-1.77468380638664
-3.17241628353737,-1.87311661686144,-2.76256963246282
-3.76601276795368,1.8883075830012,1.98794078207437
2.27681467063308,1.69071355736416,-0.347024338463779
-2.40686464683756,0.0804096304292787,-0.78422649392089
-0.267422094743404,2.92235597020247,-3.5683948995982
-3.40948709367584,2.97340187171637,0.0745508451964269
0.890738828204702,-1.07883717897349,-1.79419997777901
-0.20627021004097,-0.819837029520542,1.01203012957927
-4.07498628599429,-1.43886692018674,-1.07598798605794
-1.86210589764657,-0.0215551197768294,0.279610346770553
1.15959676015267,-0.162807233214713,0.628282331347457
3.64852978216568,0.765779605618212,-0.0233100848246312
4.08422099880417,-3.12336782250707,0.885184993082768
2.19225162511159,1.59630142292803,0.87401050936551
5.17618360347872,0.616377681942919,0.917687445060339
-5.02118753160945,-0.160583835870254,-1.6450971901989
-4.05960759735556,3.07071333171156,1.76143096780866
-2.912772066742,-2.78051398746344,-0.73106288514022
3.37274294671767,-2.03936937790497,0.172501637509116
1.36059357548072,0.539635512302613,0.450399756108296
-0.774178303886063,4.01303291154427,-1.9206375023299
-3.4216478790882,-0.663085593813374,-0.948225318827289
1.5059062687471,-3.5287505156049,-2.86396425751689
2.17157437726796,3.32986338684074,-0.326344824039257
-2.51600201078629,3.55489959823605,-0.639621306078868
0.773229612847859,-0.396745020528767,0.130717748225116
-2.9844127826185,1.04403086936558,1.26977616776575
0.827861284801524,0.261700756320055,-1.51434677740789
-1.20971889519251,-0.0589778991547246,-0.557730766435678
-0.461988902458193,0.283680917899979,-1.04930978559752
2.65264589356703,0.779256798964901,-0.0587268311067199
-0.88088740379151,1.07502387374438,-0.732108221495417
-1.52470487558956,0.116120977906954,-1.49272174978273
-0.386156783426464,1.54560231698746,-0.618878344745243
0.878886817152184,2.96339310383307,-0.719049753528136
0.39687733401783,-4.56678010468708,1.37879003081143
1.29363671038687,1.08908856815634,-0.476794419884143
4.16505558407839,-2.17727480391673,0.288340502128442
-2.8038950055502,-0.46499030912578,1.76083618984999
0.103937908776512,0.917995610344186,-0.711213984608564
-0.85362521815076,-4.86580333611441,-0.538695262624155
-1.98165024840054,-6.30058182257224,-0.40237617901307
-0.807792798199343,-0.744437887139738,-0.357094960682635
3.2692169336056,0.781939251834018,1.57943788929962
